order_id,customer_name,order_date,amount_usd,quantity,status,country
1001,Noah Smith,05/21/2026,115.49,2,shipped,CA
1002,Henry Smith,01/16/2026,113.23,9,shipped,CA
1003,Chloe Lewis,08/03/2026,227.36,5,shipped,US
1004,Henry Martin,05/23/2026,111.58,6,shipped,Australia
1005,Ruby Jones,07/03/2026,303.84,1,delivered,CA
1006,Noah Young,07/13/2026,278.26,10,cancelled,CA
1007,Chloe Lewis,02/05/2026,332.33,5,shipped,United States
1008,Noah Anderson,05/23/2026,319.66,6,pending,UK
1009,Oscar Taylor,05/17/2026,468.64,2,PENDING,Canada
1010,Lucas Brown,08/25/2026,138.62,9,pending,UK
1011,Liam Taylor,01/17/2026,203.58,2,pending,CA
1012,Grace Taylor,09/13/2026,442.92,8,pending,UK
1013,Ava Taylor,05/15/2026,294.37,10,delivered,UK
1014,Lucas Brown,09/18/2026,50,1,shipped,US
1015,Ethan Walker,08/05/2026,36.45,7,delivered,CA
1016,Zoe White,01/06/2026,361.76,9,cancelled,UK
1017,Noah Wilson,08/11/2026,$229.59,5,pending,CA
1018,Noah Hall,06/02/2026,256.29,4,pending,UK
1019,Ethan White,01/01/2026,165.46,1,shipped,UK
1020,Jack Taylor,01/30/2026,439.61,2,shipped,NZ
1021,Mia Walker,03/06/2026,331.58,9,pending,UK
1022,Sophie Hall,08/05/2026,464.81,4,cancelled,NZ
1023,Oscar Thomas,09/22/2026,64.9,4,shipped,UK
1024,Olivia Harris,04/28/2026,114.01,-1,SHIPPED,US
1025,Mia Young,01/17/2026,40.07,4,,NZ
1026,Chloe White,03/09/2026,468.08,10,delivered,US
1027,LEO WALKER,07/28/2026,51.69,7,cancelled,NZ
1028,Henry Thomas,02/30/2026,328.46,2,shipped,NZ
1029,Grace Walker,02/25/2026,,9,delivered,US
1030,  Henry Brown  ,05/23/2026,128.65,2,delivered,CA
1031,Noah Smith,01/08/2026,463.55,4,pending,NZ
1032,,04/20/2026,451.71,3,delivered,AU
1033,Ruby Wilson,08/21/2026,214.39,9,delivered,US
1034,Chloe Wilson,04/22/2026,291.69,9,shipped,UK
1035,Liam Smith,09/02/2026,460.1,9,pending,AU
1036,Sophie Jones,04/06/2026,299.54,4,delivered,AU
1037,Isla Taylor,01/21/2026,45.58,10,cancelled,UK
1038,Chloe Clark,06/10/2026,136.48,3,cancelled,NZ
1039,Grace Young,02/07/2026,231.85,-2,shipped,AU
1040,Max Taylor,09/17/2026,70.57,6,shipped,US
1041,  Oscar Wilson  ,not a date,$417.70,5,shipped,CA
1042,Jack Young,02/23/2026,$135.91,2,pending,UK
1043,Jack Harris,04/18/2026,174.73,5,delivered,UK
1044,Liam Jones,08/05/2026,26.82,6,pending,UK
1045,Ethan Lewis,08/15/2026,354.31,9,shipped,AU
1046,Mia Young,03/18/2026,22.83,6,pending,NZ
1047,Ava Smith,06/07/2026,450,1,cancelled,US
1048,  Lucas Clark  ,02/22/2026,"$3,911.60",7,pending,US
1049,Ethan Walker,04/01/2026,17.27,6,delivered,US
1050,Zoe Brown,02/25/2026,436.72,8,pending,United States
1051,Ella Martin,02/30/2026,115.35,4,Delivered,UK
1052,Zoe Hall,02/05/2026,143.17,9,delivered,CA
1053,Grace Smith,03/01/2026,93.39,5,shipped,AU
1054,Finn Anderson,06/26/2026,394.28,7,shipped,NZ
1055,Isla Taylor,05/11/2026,355.85,1,pending,United Kingdom
1056,Henry Jones,06/19/2026,160.39,2,cancelled,CA
1057,Jack Clark,07/29/2026,204.19,5,pending,US
1058,Henry Clark,07/14/2026,375.33,3,cancelled,NZ
1059,Max Hall,01/01/2026,147.02,7,cancelled,NZ
1060,Ella Thomas,04/20/2026,239.23,3,shipped,UK
1061,Sophie Clark,06/21/2026,410.12,4,cancelled,US
1062,Chloe Brown,01/13/2026,126.2,8,shipped,NZ
1063,Henry Young,04/10/2026,349.7,8,delivered,US
1064,Ava Clark,01/03/2026,430.92,2,delivered,US
1065,Ethan Walker,09/23/2026,29.86,4,shipped,NZ
1066,Ava Walker,08/26/2026,267.91,9,cancelled,NZ
1067,Finn Hall,09/16/2026,416.13,9,delivered,US
1068,Leo Thomas,05/13/2026,127.38,5,delivered,US
1069,zoe thomas,02/09/2026,146.44,5,cancelled,UK
1070,Max Jones,03/12/2026,119.47,3,pending,AU
1071,Henry Anderson,06/19/2026,235.63,1,pending,NZ
1072,Ruby Young,01/11/2026,,8,shipped,UK
1073,Jack Walker,07/19/2026,271.42,9,pending,NZ
1074,  Lucas Wilson  ,08/12/2026,abc,,delivered,US
1075,Ella Young,03/07/2026,269.39,7,SHIPPED,AU
1076,Henry Brown,08/25/2026,29.89,7,cancelled,US
1077,ella martin,06/22/2026,440.42,5,delivered,United Kingdom
1078,Mia Thomas,01/10/2026,272.01,6,pending,AU
1079,Liam Walker,01/16/2026,103.68,1,PENDING,US
1080,Ava Thomas,02/28/2026,474.14,8,cancelled,UK
1081,Ethan Harris,02/28/2026,482.54,2,shipped,UK
1082,Isla Clark,07/12/2026,471.03,4,shipped,CA
1083,Lucas Jones,06/04/2026,302.2,2,shipped,UK
1084,Max Anderson,07/09/2026,255.45,6,shipped,NZ
1085,Leo Jones,08/10/2026,319.61,8,pending,NZ
1086,Ethan Lewis,09/25/2026,138.69,9,delivered,NZ
1087,Henry Hall,05/18/2026,426.6,2,cancelled,NZ
1088,Lucas Walker,08/26/2026,307.11,7,cancelled,AU
1089,Leo Hall,06/16/2026,246.34,6,cancelled,UK
1090,,05/22/2026,10.02,4,shipped,US
1091,Henry Thomas,05/04/2026,240.67,8,delivered,AU
1092,Mia Wilson,04/24/2026,347.43,5,cancelled,New Zealand
1093,Max White,06/26/2026,498.33,9,cancelled,UK
1094,Ella Wilson,06/06/2026,119.12,4,cancelled,AU
1095,  Max Walker  ,04/05/2026,112.11,8,cancelled,CA
1096,Sophie Harris,05/25/2026,417.15,5,pending,UK
1097,Ethan Wilson,01/08/2026,269.4,5,shipped,AU
1098,  Max Wilson  ,03/06/2026,434.89,8,shipped,AU
1099,Isla Wilson,08/29/2026,223.03,3,shipped,United Kingdom
1100,Leo Jones,02/03/2026,248.41,10,shipped,US
1101,Ava Walker,06/05/2026,496.99,2,delivered ,CA
1102,Finn Walker,04/26/2026,193.29,8,cancelled,CA
1103,Henry Wilson,01/31/2026,480.25,2,pending,US
1104,Zoe Clark,02/11/2026,123.73,9,shipped,US
1105,  Olivia Anderson  ,08/19/2026,298.94,5,shipped ,US
1106,Jack Lewis,05/25/2026,430.51,2,pending,UK
1107,Isla Clark,04/12/2026,N/A,4,pending,UK
1108,Ava Jones,01/31/2026,397.35,10,cancelled,NZ
1109,Noah Thomas,06/05/2026,204.24,5,delivered,NZ
1110,Mia Harris,01/21/2026,368.59,10,cancelled,AU
1111,Mia Taylor,01/11/2026,337.78,5,shipped,US
1112,Leo White,08/15/2026,,10,delivered,NZ
1113,Mia Thomas,06/28/2026,169.99,2,pending,UK
1114,Henry Lewis,09/11/2026,332.98,,shipped ,NZ
1115,Mia Martin,05/10/2026,62.38,7,shipped,CA
1116,  Ella Anderson  ,01/28/2026,$261.63,10,delivered,NZ
1117,Liam Taylor,05/17/2026,69.85,5,delivered,NZ
1118,Noah Smith,05/03/2026,83.4,9,SHIPPED,CA
1119,Henry Jones,04/26/2026,233.42,2,pending,NZ
1120,Jack White,05/20/2026,,8,pending,NZ
1121,Max Brown,07/16/2026,461.32,9,pending,AU
1122,Zoe Walker,08/01/2026,467.45,,cancelled,AU
1123,Jack Lewis,06/02/2026,292.06,8,Pending,NZ
1124,MAX THOMAS,06/26/2026,278.2,9,delivered,New Zealand
1125,GRACE HALL,04/07/2026,$123.21,7,pending,NZ
1126,Liam Martin,08/31/2026,457.15,7,delivered ,US
1127,Leo Smith,03/06/2026,482.85,6,shipped,NZ
1128,Noah White,08/22/2026,362.61,7,pending,AU
1129,Leo Walker,05/16/2026,313.51,7,shipped,UK
1130,Max Anderson,06/12/2026,360.77,8,shipped,Canada
1131,MIA TAYLOR,05/28/2026,374.65,7,shipped,AU
1132,Ella Brown,06/03/2026,27.77,1,cancelled,UK
1133,Oscar Anderson,03/16/2026,267.93,10,pending,US
1134,Ethan Jones,07/15/2026,343.15,8,PENDING,US
1135,Ella Clark,05/11/2026,131.39,1,delivered,UK
1136,Max Brown,02/07/2026,472.89,10,cancelled,NZ
1137,Zoe Thomas,06/04/2026,499.69,8,shipped,United States
1138,Ruby Harris,07/03/2026,151.46,5,shipped,NZ
1139,Zoe Smith,01/26/2026,373.86,-5,pending,CA
1140,Oscar Taylor,04/08/2026,129.06,3,shipped,AU
1141,Jack Walker,08/14/2026,291.89,,shipped,United Kingdom
1142,Grace Lewis,08/01/2026,104.39,9,cancelled,CA
1143,Sophie Young,05/20/2026,132.2,8,cancelled,UK
1144,Noah Thomas,02/08/2026,378.3,-3,delivered,CA
1145,Oscar Jones,07/22/2026,135.91,2,delivered ,UK
1146,Zoe Harris,07/15/2026,470.44,2,pending,NZ
1147,Olivia Harris,06/17/2026,114.58,2,delivered,United Kingdom
1148,Henry Jones,03/13/2026,473.4,5,delivered,AU
1149,Noah Taylor,03/11/2026,,9,delivered,CA
1150,Ava Young,08/01/2026,54.02,8,delivered,UK
1151,Liam Lewis,07/09/2026,224.47,4,cancelled,AU
1152,Oscar White,07/03/2026,202.08,4,SHIPPED,NZ
1153,Mia Clark,04/19/2026,321.55,1,shipped,UK
1154,  Lucas Brown  ,04/16/2026,$415.76,,pending,CA
1155,Chloe Hall,04/30/2026,388.31,,shipped,UK
1156,Ava Brown,05/09/2026,59.41,1,pending,AU
1157,Oscar Walker,05/02/2026,165.27,3,cancelled,AU
1158,Ava Lewis,08/04/2026,61.26,2,Delivered,NZ
1159,Oscar White,02/25/2026,254.4,10,shipped,CA
1160,Jack Thomas,01/16/2026,499.3,7,delivered,AU
1161,Leo Lewis,08/16/2026,450.14,6,PENDING,AU
1162,Ava Wilson,06/16/2026,497.34,9,cancelled,NZ
1163,Sophie Harris,08/09/2026,397.58,2,pending,NZ
1164,Ella Young,04/27/2026,,8,,NZ
1165,Noah Martin,08/07/2026,,6,pending ,NZ
1166,Mia Jones,02/13/2026,218.78,6,pending,CA
1167,Liam Harris,06/18/2026,65.5,6,delivered,AU
1168,Jack Harris,06/09/2026,56.28,9,pending,US
1169,Leo Taylor,02/25/2026,423.46,6,SHIPPED,UK
1170,ISLA TAYLOR,08/08/2026,487.4,10,shipped,CA
1171,Zoe Smith,04/03/2026,352.84,5,cancelled,UK
1172,Olivia Brown,03/15/2026,330.39,2,pending,AU
1173,Mia Lewis,04/21/2026,212.82,6,PENDING,UK
1174,Jack Lewis,06/16/2026,300.13,1,pending,US
1175,Finn Smith,02/11/2026,224.34,7,delivered,CA
1176,Ella Anderson,05/20/2026,378.7,2,cancelled,NZ
1177,Noah Wilson,09/07/2026,335.23,1,,NZ
1178,Finn Smith,not a date,154.2,4,pending,UK
1179,Jack Martin,03/03/2026,251.21,7,pending,US
1180,Ruby White,04/28/2026,281.57,6,shipped,NZ
1181,Liam Anderson,01/10/2026,460.98,6,delivered,CA
1182,Ruby Lewis,08/02/2026,62.01,1,cancelled,United States
1183,Finn Thomas,07/05/2026,221.17,2,pending,NZ
1184,Isla Anderson,09/26/2026,200.9,5,cancelled ,US
1185,Grace Walker,03/28/2026,257.69,2,PENDING,UK
1186,Oscar Lewis,03/17/2026,55.89,5,pending,US
1187,Finn Brown,02/08/2026,475.89,8,delivered,CA
1188,Isla Thomas,06/15/2026,161.49,8,shipped,NZ
1189,Ella Clark,06/05/2026,297.75,6,shipped,UK
1190,ELLA THOMAS,01/20/2026,187.53,5,shipped ,AU
1191,Finn Harris,09/17/2026,234.04,9,shipped,NZ
1192,Isla Clark,04/07/2026,$304.48,9,pending,AU
1193,  Ella Jones  ,06/25/2026,46.74,3,shipped,US
1194,Ella Thomas,09/26/2026,$306.85,6,cancelled,UK
1195,Ruby Anderson,06/23/2026,$300.95,6,Shipped,UK
1196,Noah White,07/17/2026,129.74,10,,UK
1197,Mia Harris,03/14/2026,158.56,7,pending,CA
1198,Mia Wilson,07/12/2026,396.87,3,shipped,NZ
1199,SOPHIE MARTIN,01/10/2026,157.89,4,cancelled,NZ
1200,Chloe Taylor,03/12/2026,43.2,2,shipped,UK
1201,Finn Brown,07/12/2026,85.31,10,pending,NZ
1202,Liam Anderson,07/06/2026,361.19,8,cancelled,NZ
1203,Lucas White,05/03/2026,482.97,8,pending,UK
1204,Isla Thomas,08/25/2026,N/A,7,Delivered,US
1205,Chloe Walker,03/12/2026,30.83,8,cancelled,CA
1206,Noah Lewis,09/22/2026,146.11,3,cancelled,NZ
1207,Sophie Brown,08/12/2026,473.47,4,delivered,UK
1208,Olivia Anderson,01/28/2026,"$2,534.90",4,delivered,AU
1209,Oscar Taylor,01/15/2026,465.76,6,pending,US
1210,liam wilson,08/30/2026,416.4,8,delivered,CA
1211,Olivia Young,02/10/2026,131.68,3,delivered,Australia
1212,jack taylor,06/04/2026,28.64,,delivered ,AU
1213,Noah Hall,09/13/2026,270.35,9,pending,US
1214,JACK ANDERSON,01/01/2026,179.64,10,,US
1215,Mia White,07/04/2026,476.93,9,shipped,NZ
1216,Leo Smith,07/18/2026,130.56,1,cancelled,AU
1217,Oscar Taylor,02/23/2026,293.04,6,pending,AU
1218,Oscar White,06/23/2026,91.67,8,delivered,US
1219,,08/23/2026,150.25,1,pending,AU
1220,Grace Young,06/08/2026,202.12,9,delivered,UK
1221,Liam Walker,04/08/2026,181.7,1,cancelled,United Kingdom
1222,Noah Walker,07/08/2026,445.3,8,delivered,UK
1223,Ethan Thomas,09/12/2026,462.53,9,cancelled,AU
1224,Henry Jones,08/09/2026,497.57,3,cancelled,UK
1225,Noah Jones,06/17/2026,151.34,8,delivered,US
1226,Ella Martin,08/17/2026,364.77,6,delivered,UK
1227,Liam Jones,07/27/2026,258.98,3,shipped,US
1228,Finn Clark,08/13/2026,67.48,4,cancelled,UK
1229,Ruby Harris,01/17/2026,80.95,8,cancelled,UK
1230,Ella Walker,02/09/2026,73.16,6,delivered,UK
1231,zoe taylor,02/28/2026,369.16,8,delivered,CA
1232,Noah Wilson,05/14/2026,225.91,10,cancelled,NZ
1233,Chloe Jones,03/11/2026,228.76,8,shipped,UK
1234,Oscar Lewis,02/03/2026,273.37,5,pending,US
1235,Oscar White,04/25/2026,492.64,3,pending,NZ
1236,Olivia Martin,07/08/2026,$402.81,9,pending,CA
1237,Mia Jones,06/08/2026,499.8,8,delivered,NZ
1238,  Isla Jones  ,03/06/2026,322.96,8,delivered,CA
1239,Oscar Brown,04/04/2026,483.3,7,Shipped,AU
1240,Sophie Brown,06/05/2026,85.17,4,cancelled,CA
1241,Jack Hall,02/10/2026,102.17,9,CANCELLED,US
1242,Jack Harris,02/17/2026,322.29,10,pending,US
1243,FINN LEWIS,06/22/2026,25.39,1,shipped,AU
1244,Isla Wilson,04/18/2026,288.21,10,shipped,NZ
1245,Max Wilson,06/04/2026,126.21,7,cancelled,NZ
1246,Mia Lewis,01/31/2026,222.6,8,delivered,US
1247,Grace Harris,03/15/2026,431.44,6,cancelled,NZ
1248,Ava Walker,07/09/2026,283.02,6,pending,New Zealand
1249,Noah Wilson,08/19/2026,74.73,1,cancelled,NZ
1250,Finn Anderson,05/08/2026,407.67,10,cancelled,United States
1251,Ethan Thomas,09/21/2026,251.89,5,delivered,AU
1252,Mia Anderson,09/16/2026,483.51,4,cancelled,AU
1253,Liam Wilson,09/11/2026,441.76,8,cancelled,CA
1254,,02/25/2026,71.3,5,cancelled,NZ
1255,Oscar Smith,07/25/2026,287.29,4,cancelled ,CA
1256,Jack Jones,07/17/2026,227.93,9,Cancelled,CA
1257,Finn Jones,not a date,199.98,6,cancelled,US
1258,Chloe Harris,09/18/2026,,1,shipped,United States
1259,Grace Walker,08/31/2026,231.21,10,pending,UK
1260,Finn Martin,03/25/2026,495.35,5,cancelled,CA
1261,Sophie White,09/08/2026,283.65,8,shipped,UK
1262,Grace Clark,02/26/2026,293.93,1,delivered,UK
1263,Isla Harris,04/27/2026,30.42,8,pending ,CA
1264,Finn Walker,07/14/2026,411.72,4,shipped,CA
1265,Noah Taylor,01/10/2026,160.28,3,delivered,US
1266,Henry White,08/30/2026,365.06,3,pending,CA
1267,Grace Clark,09/02/2026,191.53,,delivered,CA
1268,Grace White,07/01/2026,387.13,5,delivered,US
1269,Lucas Wilson,06/02/2026,471.04,5,,United States
1270,Leo Martin,09/03/2026,282.44,5,cancelled,Australia
1271,Isla Clark,07/14/2026,410.1,3,cancelled,AU
1272,jack lewis,02/10/2026,462.38,5,delivered,United States
1273,Chloe Hall,05/19/2026,349.6,3,shipped,Canada
1274,Isla Taylor,05/05/2026,336.57,9,PENDING,US
1275,  Liam Jones  ,07/31/2026,360.09,2,pending,Australia
1276,MAX YOUNG,03/22/2026,328.18,8,delivered,US
1277,Jack Martin,05/27/2026,34.29,2,pending,CA
1278,Liam Young,03/31/2026,441.71,3,shipped,NZ
1279,Leo Brown,05/29/2026,9.59,-1,shipped,UK
1280,Jack Thomas,09/26/2026,445.18,3,delivered,UK
1281,Chloe Walker,02/27/2026,85.43,8,cancelled,US
1282,Olivia Lewis,06/22/2026,286.05,4,Pending,CA
1283,Ruby Hall,08/07/2026,$167.32,7,shipped ,United States
1284,Ava Thomas,06/15/2026,8.38,7,Pending,NZ
1285,,06/04/2026,362.83,1,cancelled,UK
1286,,03/02/2026,156.87,7,cancelled,AU
1287,Jack Martin,04/24/2026,478.89,8,pending,NZ
1288,FINN MARTIN,08/01/2026,276.87,8,pending,US
1289,Finn Hall,02/11/2026,226.14,6,SHIPPED,CA
1290,Noah Smith,09/16/2026,$288.49,3,pending,UK
1291,Sophie Thomas,03/01/2026,106.67,10,delivered,AU
1292,Sophie Thomas,01/29/2026,70.31,7,DELIVERED,CA
1293,Liam White,08/25/2026,404.42,1,delivered,UK
1294,Olivia Lewis,04/22/2026,41.15,7,cancelled,AU
1295,Max Smith,02/05/2026,,7,pending,US
1296,Henry Martin,07/15/2026,,7,delivered,AU
1297,Max Brown,06/28/2026,93.34,9,delivered ,CA
1298,Ava Lewis,04/25/2026,379.31,5,delivered,CA
1299,Henry White,07/14/2026,127.52,6,pending,UK
1300,Chloe Young,02/27/2026,405.69,7,SHIPPED,US
1224,Henry Jones,08/09/2026,497.57,3,cancelled,UK
1119,Henry Jones,04/26/2026,233.42,2,pending,NZ
1039,Grace Young,02/07/2026,231.85,-2,shipped,AU
1175,Finn Smith,02/11/2026,224.34,7,delivered,CA
1204,Isla Thomas,08/25/2026,N/A,7,Delivered,US
1168,Jack Harris,06/09/2026,56.28,9,pending,US
1016,Zoe White,01/06/2026,361.76,9,cancelled,UK
1140,Oscar Taylor,04/08/2026,129.06,3,shipped,AU
1231,zoe taylor,02/28/2026,369.16,8,delivered,CA
1252,Mia Anderson,09/16/2026,483.51,4,cancelled,AU
1117,Liam Taylor,05/17/2026,69.85,5,delivered,NZ
1183,Finn Thomas,07/05/2026,221.17,2,pending,NZ
1284,Ava Thomas,06/15/2026,8.38,7,Pending,NZ
1193,  Ella Jones  ,06/25/2026,46.74,3,shipped,US
1222,Noah Walker,07/08/2026,445.3,8,delivered,UK
1096,Sophie Harris,05/25/2026,417.15,5,pending,UK
1300,Chloe Young,02/27/2026,405.69,7,SHIPPED,US
1195,Ruby Anderson,06/23/2026,$300.95,6,Shipped,UK
1044,Liam Jones,08/05/2026,26.82,6,pending,UK
1152,Oscar White,07/03/2026,202.08,4,SHIPPED,NZ
