order_id,customer_name,email,order_date,amount_usd,quantity,status,country
1001,Noah Smith,noah.smith32@example.com,2026-05-21,115.49,2,shipped,CA
1002,Henry Smith,henry.smith12@example.com,2026-01-16,113.23,9,shipped,CA
1003,Chloe Lewis,chloe.lewis29@example.com,2026-08-03,227.36,5,shipped,US
1004,Henry Martin,henry.martin20@example.com,2026-05-23,111.58,6,shipped,AU
1005,Ruby Jones,ruby.jones45@example.com,2026-07-03,303.84,1,delivered,CA
1006,Noah Young,noah.young11@example.com,2026-07-13,278.26,10,cancelled,CA
1007,Chloe Lewis,chloe.lewis6@example.com,2026-02-05,332.33,5,shipped,US
1008,Noah Anderson,noah.anderson59@example.com,2026-05-23,319.66,6,pending,UK
1009,Oscar Taylor,oscar.taylor90@example.com,2026-05-17,468.64,2,pending,CA
1010,Lucas Brown,lucas.brown49@example.com,2026-08-25,138.62,9,pending,UK
1011,Liam Taylor,liam.taylor41@example.com,2026-01-17,203.58,2,pending,CA
1012,Grace Taylor,grace.taylor51@example.com,2026-09-13,442.92,8,pending,UK
1013,Ava Taylor,ava.taylor96@example.com,2026-05-15,294.37,10,delivered,UK
1014,Lucas Brown,lucas.brown64@example.com,2026-09-18,50.0,1,shipped,US
1015,Ethan Walker,ethan.walker77@example.com,2026-08-05,36.45,7,delivered,CA
1016,Zoe White,zoe.white88@example.com,2026-01-06,361.76,9,cancelled,UK
1017,Noah Wilson,noah.wilson21@example.com,2026-08-11,229.59,5,pending,CA
1018,Noah Hall,,2026-06-02,256.29,4,pending,UK
1019,Ethan White,ethan.white77@example.com,2026-01-01,165.46,1,shipped,UK
1020,Jack Taylor,jack.taylor31@example.com,2026-01-30,439.61,2,shipped,NZ
1021,Mia Walker,mia.walker17@example.com,2026-03-06,331.58,9,pending,UK
1022,Sophie Hall,sophie.hall28@example.com,2026-08-05,464.81,4,cancelled,NZ
1023,Oscar Thomas,,2026-09-22,64.9,4,shipped,UK
1024,Olivia Harris,olivia.harris76@example.com,2026-04-28,114.01,,shipped,US
1025,Mia Young,,2026-01-17,40.07,4,,NZ
1026,Chloe White,chloe.white93@example.com,2026-03-09,468.08,10,delivered,US
1027,LEO WALKER,leo.walker25@example.com,2026-07-28,51.69,7,cancelled,NZ
1028,Henry Thomas,henry.thomas87@example.com,,328.46,2,shipped,NZ
1029,Grace Walker,grace.walker32@example.com,2026-02-25,,9,delivered,US
1030,Henry Brown,henry.brown60@example.com,2026-05-23,128.65,2,delivered,CA
1031,Noah Smith,noah.smith12@example.com,2026-01-08,463.55,4,pending,NZ
1032,,leo.thomas52@example.com,2026-04-20,451.71,3,delivered,AU
1033,Ruby Wilson,ruby.wilson37@example.com,2026-08-21,214.39,9,delivered,US
1034,Chloe Wilson,chloe.wilson8@example.com,2026-04-22,291.69,9,shipped,UK
1035,Liam Smith,,2026-09-02,460.1,9,pending,AU
1036,Sophie Jones,sophie.jones9@example.com,2026-04-06,299.54,4,delivered,AU
1037,Isla Taylor,isla.taylor80@example.com,2026-01-21,45.58,10,cancelled,UK
1038,Chloe Clark,chloe.clark31@example.com,2026-06-10,136.48,3,cancelled,NZ
1039,Grace Young,grace.young2@example.com,2026-02-07,231.85,,shipped,AU
1040,Max Taylor,max.taylor34@example.com,2026-09-17,70.57,6,shipped,US
1041,Oscar Wilson,oscar.wilson57@example.com,,417.7,5,shipped,CA
1042,Jack Young,jack.young18@example.com,2026-02-23,135.91,2,pending,UK
1043,Jack Harris,jack.harris92@example.com,2026-04-18,174.73,5,delivered,UK
1044,Liam Jones,liam.jones36@example.com,2026-08-05,26.82,6,pending,UK
1045,Ethan Lewis,ethan.lewis71@example.com,2026-08-15,354.31,9,shipped,AU
1046,Mia Young,mia.young70@example.com,2026-03-18,22.83,6,pending,NZ
1047,Ava Smith,ava.smith47@example.com,2026-06-07,450.0,1,cancelled,US
1048,Lucas Clark,lucas.clark46@example.com,2026-02-22,3911.6,7,pending,US
1049,Ethan Walker,ethan.walker53@example.com,2026-04-01,17.27,6,delivered,US
1050,Zoe Brown,zoe.brown49@example.com,2026-02-25,436.72,8,pending,US
1051,Ella Martin,ella.martin30@example.com,,115.35,4,delivered,UK
1052,Zoe Hall,,2026-02-05,143.17,9,delivered,CA
1053,Grace Smith,grace.smith34@example.com,2026-03-01,93.39,5,shipped,AU
1054,Finn Anderson,finn.anderson94@example.com,2026-06-26,394.28,7,shipped,NZ
1055,Isla Taylor,isla.taylor6@example.com,2026-05-11,355.85,1,pending,UK
1056,Henry Jones,henry.jones80@example.com,2026-06-19,160.39,2,cancelled,CA
1057,Jack Clark,jack.clark42@example.com,2026-07-29,204.19,5,pending,US
1058,Henry Clark,henry.clark87@example.com,2026-07-14,375.33,3,cancelled,NZ
1059,Max Hall,max.hall39@example.com,2026-01-01,147.02,7,cancelled,NZ
1060,Ella Thomas,ella.thomas66@example.com,2026-04-20,239.23,3,shipped,UK
1061,Sophie Clark,sophie.clark12@example.com,2026-06-21,410.12,4,cancelled,US
1062,Chloe Brown,chloe.brown6@example.com,2026-01-13,126.2,8,shipped,NZ
1063,Henry Young,henry.young92@example.com,2026-04-10,349.7,8,delivered,US
1064,Ava Clark,ava.clark97@example.com,2026-01-03,430.92,2,delivered,US
1065,Ethan Walker,ethan.walker60@example.com,2026-09-23,29.86,4,shipped,NZ
1066,Ava Walker,ava.walker86@example.com,2026-08-26,267.91,9,cancelled,NZ
1067,Finn Hall,finn.hall55@example.com,2026-09-16,416.13,9,delivered,US
1068,Leo Thomas,leo.thomas97@example.com,2026-05-13,127.38,5,delivered,US
1069,zoe thomas,zoe.thomas92@example.com,2026-02-09,146.44,5,cancelled,UK
1070,Max Jones,max.jones20@example.com,2026-03-12,119.47,3,pending,AU
1071,Henry Anderson,henry.anderson70@example.com,2026-06-19,235.63,1,pending,NZ
1072,Ruby Young,ruby.young98@example.com,2026-01-11,,8,shipped,UK
1073,Jack Walker,jack.walker54@example.com,2026-07-19,271.42,9,pending,NZ
1074,Lucas Wilson,lucas.wilson63@example.com,2026-08-12,,,delivered,US
1075,Ella Young,ella.young80@example.com,2026-03-07,269.39,7,shipped,AU
1076,Henry Brown,henry.brown24@example.com,2026-08-25,29.89,7,cancelled,US
1077,ella martin,ella.martin98@example.com,2026-06-22,440.42,5,delivered,UK
1078,Mia Thomas,mia.thomas96@example.com,2026-01-10,272.01,6,pending,AU
1079,Liam Walker,liam.walker32@example.com,2026-01-16,103.68,1,pending,US
1080,Ava Thomas,ava.thomas73@example.com,2026-02-28,474.14,8,cancelled,UK
1081,Ethan Harris,ethan.harris21@example.com,2026-02-28,482.54,2,shipped,UK
1082,Isla Clark,isla.clark51@example.com,2026-07-12,471.03,4,shipped,CA
1083,Lucas Jones,lucas.jones88@example.com,2026-06-04,302.2,2,shipped,UK
1084,Max Anderson,max.anderson9@example.com,2026-07-09,255.45,6,shipped,NZ
1085,Leo Jones,leo.jones47@example.com,2026-08-10,319.61,8,pending,NZ
1086,Ethan Lewis,ethan.lewis84@example.com,2026-09-25,138.69,9,delivered,NZ
1087,Henry Hall,henry.hall42@example.com,2026-05-18,426.6,2,cancelled,NZ
1088,Lucas Walker,lucas.walker73@example.com,2026-08-26,307.11,7,cancelled,AU
1089,Leo Hall,leo.hall24@example.com,2026-06-16,246.34,6,cancelled,UK
1090,,zoe.young72@example.com,2026-05-22,10.02,4,shipped,US
1091,Henry Thomas,henry.thomas89@example.com,2026-05-04,240.67,8,delivered,AU
1092,Mia Wilson,mia.wilson52@example.com,2026-04-24,347.43,5,cancelled,NZ
1093,Max White,max.white55@example.com,2026-06-26,498.33,9,cancelled,UK
1094,Ella Wilson,ella.wilson33@example.com,2026-06-06,119.12,4,cancelled,AU
1095,Max Walker,max.walker25@example.com,2026-04-05,112.11,8,cancelled,CA
1096,Sophie Harris,sophie.harris13@example.com,2026-05-25,417.15,5,pending,UK
1097,Ethan Wilson,ethan.wilson91@example.com,2026-01-08,269.4,5,shipped,AU
1098,Max Wilson,max.wilson82@example.com,2026-03-06,434.89,8,shipped,AU
1099,Isla Wilson,isla.wilson62@example.com,2026-08-29,223.03,3,shipped,UK
1100,Leo Jones,leo.jones52@example.com,2026-02-03,248.41,10,shipped,US
1101,Ava Walker,ava.walker11@example.com,2026-06-05,496.99,2,delivered,CA
1102,Finn Walker,finn.walker67@example.com,2026-04-26,193.29,8,cancelled,CA
1103,Henry Wilson,henry.wilson79@example.com,2026-01-31,480.25,2,pending,US
1104,Zoe Clark,zoe.clark21@example.com,2026-02-11,123.73,9,shipped,US
1105,Olivia Anderson,olivia.anderson89@example.com,2026-08-19,298.94,5,shipped,US
1106,Jack Lewis,,2026-05-25,430.51,2,pending,UK
1107,Isla Clark,isla.clark55@example.com,2026-04-12,,4,pending,UK
1108,Ava Jones,ava.jones22@example.com,2026-01-31,397.35,10,cancelled,NZ
1109,Noah Thomas,noah.thomas90@example.com,2026-06-05,204.24,5,delivered,NZ
1110,Mia Harris,mia.harris56@example.com,2026-01-21,368.59,10,cancelled,AU
1111,Mia Taylor,mia.taylor98@example.com,2026-01-11,337.78,5,shipped,US
1112,Leo White,leo.white36@example.com,2026-08-15,,10,delivered,NZ
1113,Mia Thomas,mia.thomas53@example.com,2026-06-28,169.99,2,pending,UK
1114,Henry Lewis,henry.lewis37@example.com,2026-09-11,332.98,,shipped,NZ
1115,Mia Martin,mia.martin42@example.com,2026-05-10,62.38,7,shipped,CA
1116,Ella Anderson,ella.anderson25@example.com,2026-01-28,261.63,10,delivered,NZ
1117,Liam Taylor,liam.taylor71@example.com,2026-05-17,69.85,5,delivered,NZ
1118,Noah Smith,noah.smith91@example.com,2026-05-03,83.4,9,shipped,CA
1119,Henry Jones,henry.jones15@example.com,2026-04-26,233.42,2,pending,NZ
1120,Jack White,,2026-05-20,,8,pending,NZ
1121,Max Brown,max.brown25@example.com,2026-07-16,461.32,9,pending,AU
1122,Zoe Walker,zoe.walker44@example.com,2026-08-01,467.45,,cancelled,AU
1123,Jack Lewis,jack.lewis76@example.com,2026-06-02,292.06,8,pending,NZ
1124,MAX THOMAS,,2026-06-26,278.2,9,delivered,NZ
1125,GRACE HALL,grace.hall90@example.com,2026-04-07,123.21,7,pending,NZ
1126,Liam Martin,,2026-08-31,457.15,7,delivered,US
1127,Leo Smith,leo.smith65@example.com,2026-03-06,482.85,6,shipped,NZ
1128,Noah White,noah.white2@example.com,2026-08-22,362.61,7,pending,AU
1129,Leo Walker,leo.walker44@example.com,2026-05-16,313.51,7,shipped,UK
1130,Max Anderson,max.anderson81@example.com,2026-06-12,360.77,8,shipped,CA
1131,MIA TAYLOR,mia.taylor30@example.com,2026-05-28,374.65,7,shipped,AU
1132,Ella Brown,ella.brown4@example.com,2026-06-03,27.77,1,cancelled,UK
1133,Oscar Anderson,oscar.anderson32@example.com,2026-03-16,267.93,10,pending,US
1134,Ethan Jones,ethan.jones80@example.com,2026-07-15,343.15,8,pending,US
1135,Ella Clark,ella.clark59@example.com,2026-05-11,131.39,1,delivered,UK
1136,Max Brown,max.brown57@example.com,2026-02-07,472.89,10,cancelled,NZ
1137,Zoe Thomas,zoe.thomas26@example.com,2026-06-04,499.69,8,shipped,US
1138,Ruby Harris,ruby.harris74@example.com,2026-07-03,151.46,5,shipped,NZ
1139,Zoe Smith,zoe.smith78@example.com,2026-01-26,373.86,,pending,CA
1140,Oscar Taylor,oscar.taylor80@example.com,2026-04-08,129.06,3,shipped,AU
1141,Jack Walker,jack.walker5@example.com,2026-08-14,291.89,,shipped,UK
1142,Grace Lewis,grace.lewis23@example.com,2026-08-01,104.39,9,cancelled,CA
1143,Sophie Young,sophie.young22@example.com,2026-05-20,132.2,8,cancelled,UK
1144,Noah Thomas,noah.thomas19@example.com,2026-02-08,378.3,,delivered,CA
1145,Oscar Jones,oscar.jones2@example.com,2026-07-22,135.91,2,delivered,UK
1146,Zoe Harris,zoe.harris82@example.com,2026-07-15,470.44,2,pending,NZ
1147,Olivia Harris,olivia.harris79@example.com,2026-06-17,114.58,2,delivered,UK
1148,Henry Jones,henry.jones6@example.com,2026-03-13,473.4,5,delivered,AU
1149,Noah Taylor,noah.taylor50@example.com,2026-03-11,,9,delivered,CA
1150,Ava Young,ava.young84@example.com,2026-08-01,54.02,8,delivered,UK
1151,Liam Lewis,liam.lewis28@example.com,2026-07-09,224.47,4,cancelled,AU
1152,Oscar White,oscar.white8@example.com,2026-07-03,202.08,4,shipped,NZ
1153,Mia Clark,mia.clark83@example.com,2026-04-19,321.55,1,shipped,UK
1154,Lucas Brown,lucas.brown9@example.com,2026-04-16,415.76,,pending,CA
1155,Chloe Hall,chloe.hall43@example.com,2026-04-30,388.31,,shipped,UK
1156,Ava Brown,ava.brown23@example.com,2026-05-09,59.41,1,pending,AU
1157,Oscar Walker,oscar.walker76@example.com,2026-05-02,165.27,3,cancelled,AU
1158,Ava Lewis,ava.lewis68@example.com,2026-08-04,61.26,2,delivered,NZ
1159,Oscar White,oscar.white58@example.com,2026-02-25,254.4,10,shipped,CA
1160,Jack Thomas,jack.thomas8@example.com,2026-01-16,499.3,7,delivered,AU
1161,Leo Lewis,leo.lewis10@example.com,2026-08-16,450.14,6,pending,AU
1162,Ava Wilson,ava.wilson49@example.com,2026-06-16,497.34,9,cancelled,NZ
1163,Sophie Harris,sophie.harris13@example.com,2026-08-09,397.58,2,pending,NZ
1164,Ella Young,ella.young53@example.com,2026-04-27,,8,,NZ
1165,Noah Martin,noah.martin41@example.com,2026-08-07,,6,pending,NZ
1166,Mia Jones,mia.jones12@example.com,2026-02-13,218.78,6,pending,CA
1167,Liam Harris,liam.harris86@example.com,2026-06-18,65.5,6,delivered,AU
1168,Jack Harris,jack.harris46@example.com,2026-06-09,56.28,9,pending,US
1169,Leo Taylor,leo.taylor45@example.com,2026-02-25,423.46,6,shipped,UK
1170,ISLA TAYLOR,isla.taylor72@example.com,2026-08-08,487.4,10,shipped,CA
1171,Zoe Smith,zoe.smith35@example.com,2026-04-03,352.84,5,cancelled,UK
1172,Olivia Brown,olivia.brown73@example.com,2026-03-15,330.39,2,pending,AU
1173,Mia Lewis,mia.lewis49@example.com,2026-04-21,212.82,6,pending,UK
1174,Jack Lewis,jack.lewis73@example.com,2026-06-16,300.13,1,pending,US
1175,Finn Smith,finn.smith35@example.com,2026-02-11,224.34,7,delivered,CA
1176,Ella Anderson,ella.anderson28@example.com,2026-05-20,378.7,2,cancelled,NZ
1177,Noah Wilson,noah.wilson68@example.com,2026-09-07,335.23,1,,NZ
1178,Finn Smith,finn.smith27@example.com,,154.2,4,pending,UK
1179,Jack Martin,jack.martin1@example.com,2026-03-03,251.21,7,pending,US
1180,Ruby White,ruby.white65@example.com,2026-04-28,281.57,6,shipped,NZ
1181,Liam Anderson,liam.anderson59@example.com,2026-01-10,460.98,6,delivered,CA
1182,Ruby Lewis,ruby.lewis38@example.com,2026-08-02,62.01,1,cancelled,US
1183,Finn Thomas,finn.thomas12@example.com,2026-07-05,221.17,2,pending,NZ
1184,Isla Anderson,isla.anderson11@example.com,2026-09-26,200.9,5,cancelled,US
1185,Grace Walker,grace.walker10@example.com,2026-03-28,257.69,2,pending,UK
1186,Oscar Lewis,oscar.lewis31@example.com,2026-03-17,55.89,5,pending,US
1187,Finn Brown,finn.brown23@example.com,2026-02-08,475.89,8,delivered,CA
1188,Isla Thomas,isla.thomas81@example.com,2026-06-15,161.49,8,shipped,NZ
1189,Ella Clark,ella.clark36@example.com,2026-06-05,297.75,6,shipped,UK
1190,ELLA THOMAS,ella.thomas8@example.com,2026-01-20,187.53,5,shipped,AU
1191,Finn Harris,finn.harris50@example.com,2026-09-17,234.04,9,shipped,NZ
1192,Isla Clark,isla.clark42@example.com,2026-04-07,304.48,9,pending,AU
1193,Ella Jones,ella.jones92@example.com,2026-06-25,46.74,3,shipped,US
1194,Ella Thomas,ella.thomas67@example.com,2026-09-26,306.85,6,cancelled,UK
1195,Ruby Anderson,ruby.anderson87@example.com,2026-06-23,300.95,6,shipped,UK
1196,Noah White,noah.white37@example.com,2026-07-17,129.74,10,,UK
1197,Mia Harris,mia.harris45@example.com,2026-03-14,158.56,7,pending,CA
1198,Mia Wilson,mia.wilson83@example.com,2026-07-12,396.87,3,shipped,NZ
1199,SOPHIE MARTIN,sophie.martin47@example.com,2026-01-10,157.89,4,cancelled,NZ
1200,Chloe Taylor,,2026-03-12,43.2,2,shipped,UK
1201,Finn Brown,finn.brown20@example.com,2026-07-12,85.31,10,pending,NZ
1202,Liam Anderson,liam.anderson87@example.com,2026-07-06,361.19,8,cancelled,NZ
1203,Lucas White,lucas.white40@example.com,2026-05-03,482.97,8,pending,UK
1204,Isla Thomas,isla.thomas99@example.com,2026-08-25,,7,delivered,US
1205,Chloe Walker,chloe.walker33@example.com,2026-03-12,30.83,8,cancelled,CA
1206,Noah Lewis,,2026-09-22,146.11,3,cancelled,NZ
1207,Sophie Brown,sophie.brown12@example.com,2026-08-12,473.47,4,delivered,UK
1208,Olivia Anderson,olivia.anderson51@example.com,2026-01-28,2534.9,4,delivered,AU
1209,Oscar Taylor,oscar.taylor41@example.com,2026-01-15,465.76,6,pending,US
1210,liam wilson,liam.wilson90@example.com,2026-08-30,416.4,8,delivered,CA
1211,Olivia Young,olivia.young3@example.com,2026-02-10,131.68,3,delivered,AU
1212,jack taylor,jack.taylor16@example.com,2026-06-04,28.64,,delivered,AU
1213,Noah Hall,noah.hall77@example.com,2026-09-13,270.35,9,pending,US
1214,JACK ANDERSON,jack.anderson79@example.com,2026-01-01,179.64,10,,US
1215,Mia White,mia.white9@example.com,2026-07-04,476.93,9,shipped,NZ
1216,Leo Smith,leo.smith48@example.com,2026-07-18,130.56,1,cancelled,AU
1217,Oscar Taylor,oscar.taylor99@example.com,2026-02-23,293.04,6,pending,AU
1218,Oscar White,oscar.white83@example.com,2026-06-23,91.67,8,delivered,US
1219,,ava.jones5@example.com,2026-08-23,150.25,1,pending,AU
1220,Grace Young,grace.young66@example.com,2026-06-08,202.12,9,delivered,UK
1221,Liam Walker,liam.walker37@example.com,2026-04-08,181.7,1,cancelled,UK
1222,Noah Walker,noah.walker56@example.com,2026-07-08,445.3,8,delivered,UK
1223,Ethan Thomas,ethan.thomas48@example.com,2026-09-12,462.53,9,cancelled,AU
1224,Henry Jones,henry.jones78@example.com,2026-08-09,497.57,3,cancelled,UK
1225,Noah Jones,,2026-06-17,151.34,8,delivered,US
1226,Ella Martin,ella.martin6@example.com,2026-08-17,364.77,6,delivered,UK
1227,Liam Jones,liam.jones47@example.com,2026-07-27,258.98,3,shipped,US
1228,Finn Clark,finn.clark5@example.com,2026-08-13,67.48,4,cancelled,UK
1229,Ruby Harris,,2026-01-17,80.95,8,cancelled,UK
1230,Ella Walker,ella.walker74@example.com,2026-02-09,73.16,6,delivered,UK
1231,zoe taylor,zoe.taylor4@example.com,2026-02-28,369.16,8,delivered,CA
1232,Noah Wilson,noah.wilson91@example.com,2026-05-14,225.91,10,cancelled,NZ
1233,Chloe Jones,chloe.jones10@example.com,2026-03-11,228.76,8,shipped,UK
1234,Oscar Lewis,oscar.lewis71@example.com,2026-02-03,273.37,5,pending,US
1235,Oscar White,oscar.white16@example.com,2026-04-25,492.64,3,pending,NZ
1236,Olivia Martin,olivia.martin60@example.com,2026-07-08,402.81,9,pending,CA
1237,Mia Jones,mia.jones51@example.com,2026-06-08,499.8,8,delivered,NZ
1238,Isla Jones,isla.jones41@example.com,2026-03-06,322.96,8,delivered,CA
1239,Oscar Brown,oscar.brown99@example.com,2026-04-04,483.3,7,shipped,AU
1240,Sophie Brown,sophie.brown22@example.com,2026-06-05,85.17,4,cancelled,CA
1241,Jack Hall,jack.hall33@example.com,2026-02-10,102.17,9,cancelled,US
1242,Jack Harris,jack.harris65@example.com,2026-02-17,322.29,10,pending,US
1243,FINN LEWIS,finn.lewis73@example.com,2026-06-22,25.39,1,shipped,AU
1244,Isla Wilson,isla.wilson99@example.com,2026-04-18,288.21,10,shipped,NZ
1245,Max Wilson,max.wilson62@example.com,2026-06-04,126.21,7,cancelled,NZ
1246,Mia Lewis,mia.lewis21@example.com,2026-01-31,222.6,8,delivered,US
1247,Grace Harris,grace.harris41@example.com,2026-03-15,431.44,6,cancelled,NZ
1248,Ava Walker,ava.walker66@example.com,2026-07-09,283.02,6,pending,NZ
1249,Noah Wilson,noah.wilson32@example.com,2026-08-19,74.73,1,cancelled,NZ
1250,Finn Anderson,finn.anderson21@example.com,2026-05-08,407.67,10,cancelled,US
1251,Ethan Thomas,ethan.thomas60@example.com,2026-09-21,251.89,5,delivered,AU
1252,Mia Anderson,mia.anderson59@example.com,2026-09-16,483.51,4,cancelled,AU
1253,Liam Wilson,liam.wilson77@example.com,2026-09-11,441.76,8,cancelled,CA
1254,,olivia.hall56@example.com,2026-02-25,71.3,5,cancelled,NZ
1255,Oscar Smith,oscar.smith7@example.com,2026-07-25,287.29,4,cancelled,CA
1256,Jack Jones,jack.jones65@example.com,2026-07-17,227.93,9,cancelled,CA
1257,Finn Jones,finn.jones13@example.com,,199.98,6,cancelled,US
1258,Chloe Harris,chloe.harris52@example.com,2026-09-18,,1,shipped,US
1259,Grace Walker,grace.walker67@example.com,2026-08-31,231.21,10,pending,UK
1260,Finn Martin,finn.martin51@example.com,2026-03-25,495.35,5,cancelled,CA
1261,Sophie White,sophie.white91@example.com,2026-09-08,283.65,8,shipped,UK
1262,Grace Clark,grace.clark54@example.com,2026-02-26,293.93,1,delivered,UK
1263,Isla Harris,isla.harris93@example.com,2026-04-27,30.42,8,pending,CA
1264,Finn Walker,finn.walker19@example.com,2026-07-14,411.72,4,shipped,CA
1265,Noah Taylor,noah.taylor57@example.com,2026-01-10,160.28,3,delivered,US
1266,Henry White,henry.white95@example.com,2026-08-30,365.06,3,pending,CA
1267,Grace Clark,grace.clark68@example.com,2026-09-02,191.53,,delivered,CA
1268,Grace White,grace.white87@example.com,2026-07-01,387.13,5,delivered,US
1269,Lucas Wilson,lucas.wilson29@example.com,2026-06-02,471.04,5,,US
1270,Leo Martin,leo.martin45@example.com,2026-09-03,282.44,5,cancelled,AU
1271,Isla Clark,isla.clark51@example.com,2026-07-14,410.1,3,cancelled,AU
1272,jack lewis,jack.lewis45@example.com,2026-02-10,462.38,5,delivered,US
1273,Chloe Hall,chloe.hall72@example.com,2026-05-19,349.6,3,shipped,CA
1274,Isla Taylor,isla.taylor7@example.com,2026-05-05,336.57,9,pending,US
1275,Liam Jones,liam.jones43@example.com,2026-07-31,360.09,2,pending,AU
1276,MAX YOUNG,max.young53@example.com,2026-03-22,328.18,8,delivered,US
1277,Jack Martin,,2026-05-27,34.29,2,pending,CA
1278,Liam Young,liam.young54@example.com,2026-03-31,441.71,3,shipped,NZ
1279,Leo Brown,leo.brown5@example.com,2026-05-29,9.59,,shipped,UK
1280,Jack Thomas,jack.thomas64@example.com,2026-09-26,445.18,3,delivered,UK
1281,Chloe Walker,chloe.walker43@example.com,2026-02-27,85.43,8,cancelled,US
1282,Olivia Lewis,olivia.lewis38@example.com,2026-06-22,286.05,4,pending,CA
1283,Ruby Hall,ruby.hall66@example.com,2026-08-07,167.32,7,shipped,US
1284,Ava Thomas,ava.thomas32@example.com,2026-06-15,8.38,7,pending,NZ
1285,,zoe.martin75@example.com,2026-06-04,362.83,1,cancelled,UK
1286,,lucas.smith60@example.com,2026-03-02,156.87,7,cancelled,AU
1287,Jack Martin,jack.martin29@example.com,2026-04-24,478.89,8,pending,NZ
1288,FINN MARTIN,finn.martin90@example.com,2026-08-01,276.87,8,pending,US
1289,Finn Hall,,2026-02-11,226.14,6,shipped,CA
1290,Noah Smith,noah.smith26@example.com,2026-09-16,288.49,3,pending,UK
1291,Sophie Thomas,,2026-03-01,106.67,10,delivered,AU
1292,Sophie Thomas,sophie.thomas59@example.com,2026-01-29,70.31,7,delivered,CA
1293,Liam White,liam.white87@example.com,2026-08-25,404.42,1,delivered,UK
1294,Olivia Lewis,olivia.lewis75@example.com,2026-04-22,41.15,7,cancelled,AU
1295,Max Smith,max.smith61@example.com,2026-02-05,,7,pending,US
1296,Henry Martin,henry.martin58@example.com,2026-07-15,,7,delivered,AU
1297,Max Brown,max.brown16@example.com,2026-06-28,93.34,9,delivered,CA
1298,Ava Lewis,ava.lewis1@example.com,2026-04-25,379.31,5,delivered,CA
1299,Henry White,henry.white30@example.com,2026-07-14,127.52,6,pending,UK
1300,Chloe Young,chloe.young5@example.com,2026-02-27,405.69,7,shipped,US
